<?xml version="1.0" encoding="UTF-8"?>
<project-private xmlns="http://www.netbeans.org/ns/project-private/1">
    <editor-bookmarks xmlns="http://www.netbeans.org/ns/editor-bookmarks/2" lastBookmarkId="0"/>
    <open-files xmlns="http://www.netbeans.org/ns/projectui-open-files/2">
        <group>
            <file>file:/H:/Personal/Year%203/ESD/xyzDriversWebApp/xyzDriversWebApp/web/WEB-INF/web.xml</file>
            <file>file:/H:/Personal/Year%203/ESD/xyzDriversWebApp/xyzDriversWebApp/web/index.html</file>
            <file>file:/H:/Personal/Year%203/ESD/xyzDriversWebApp/xyzDriversWebApp/src/java/com/LoginServlet.java</file>
            <file>file:/H:/Personal/Year%203/ESD/xyzDriversWebApp/xyzDriversWebApp/src/java/com/RegisterServlet.java</file>
        </group>
    </open-files>
</project-private>
