<?xml version="1.0" encoding="UTF-8"?>
<project-private xmlns="http://www.netbeans.org/ns/project-private/1">
    <editor-bookmarks xmlns="http://www.netbeans.org/ns/editor-bookmarks/2" lastBookmarkId="0"/>
    <open-files xmlns="http://www.netbeans.org/ns/projectui-open-files/2">
        <group>
            <file>file:/C:/Users/owner/Documents/Year%203/Enterprise%20Systems%20Development/xyzDriversWebApp/src/java/com/ServletOne.java</file>
            <file>file:/C:/Users/owner/Documents/Year%203/Enterprise%20Systems%20Development/xyzDriversWebApp/web/Login.jsp</file>
            <file>file:/C:/Users/owner/Documents/Year%203/Enterprise%20Systems%20Development/xyzDriversWebApp/web/index.html</file>
            <file>file:/C:/Users/owner/Documents/Year%203/Enterprise%20Systems%20Development/xyzDriversWebApp/web/Register.jsp</file>
        </group>
    </open-files>
</project-private>
